aX,aY,aZ,gX,gY,gZ
-0.577,0.612,2.296,-84.717,-340.027,-14.526
-0.562,0.433,2.567,-121.155,-292.480,-53.650
-0.634,0.116,2.420,-143.982,-218.750,-91.736
-0.571,-0.168,1.805,-118.896,-141.357,-115.295
-0.580,-0.339,1.198,-54.382,-100.952,-117.371
-0.645,-0.491,0.935,-2.502,-106.689,-111.084
-0.699,-0.609,0.904,28.137,-129.089,-99.670
-0.699,-0.677,1.047,50.415,-147.766,-79.041
-0.763,-0.646,1.352,73.547,-161.316,-49.316
-0.743,-0.488,1.836,107.910,-174.255,-14.038
-0.774,-0.300,2.512,127.014,-180.420,17.456
-0.865,-0.150,3.084,105.957,-155.396,32.837
-0.651,-0.010,3.305,70.129,-100.830,31.555
-0.744,-0.029,3.379,27.039,-34.973,16.907
-0.863,-0.181,3.242,-21.240,49.744,5.310
-0.921,-0.330,2.890,-60.486,140.869,2.319
-1.053,-0.453,2.447,-59.509,209.900,9.521
-1.126,-0.519,2.015,-50.232,251.892,18.677
-1.057,-0.507,1.676,-34.607,271.912,26.672
-0.974,-0.382,1.442,10.559,273.010,39.124
-0.842,-0.159,1.378,48.096,264.587,57.800
-0.729,0.074,1.443,76.172,254.333,72.083
-0.666,0.166,1.528,105.164,250.488,68.970
-0.616,0.150,1.537,127.014,259.277,52.856
-0.576,0.146,1.416,153.625,276.245,43.823
-0.573,0.164,1.194,168.823,293.030,41.748
-0.539,0.162,0.978,159.912,304.443,37.781
-0.473,0.137,0.856,140.686,302.063,35.034
-0.433,0.063,0.764,92.957,292.297,32.654
-0.354,-0.034,0.491,37.781,294.739,25.818
-0.276,-0.034,0.083,-16.479,301.392,24.658
-0.150,-0.029,-0.286,-67.810,295.410,29.663
-0.029,-0.120,-0.424,-89.417,268.311,36.011
0.098,-0.117,-0.421,-100.403,232.178,49.744
0.257,-0.025,-0.430,-51.392,192.993,56.335
0.299,0.030,-0.418,69.763,141.663,44.006
0.298,0.016,-0.258,150.574,88.501,22.461
0.294,-0.044,-0.089,168.030,52.551,5.066
0.325,-0.068,-0.028,151.611,39.551,-0.732
0.301,-0.041,-0.088,117.065,39.856,-0.610
0.251,-0.018,-0.247,91.614,41.321,-0.122
0.216,-0.013,-0.432,63.721,32.227,3.357
0.225,0.019,-0.495,0.061,7.935,7.019
0.163,0.016,-0.491,-46.997,-27.161,6.409
0.201,-0.005,-0.406,-76.172,-62.683,4.333
0.219,-0.022,-0.304,-82.825,-92.468,4.944
0.184,-0.003,-0.255,-79.590,-112.549,6.409
0.190,0.021,-0.318,-71.350,-123.718,1.343
0.046,0.024,-0.437,-57.190,-135.254,-8.850
-0.133,-0.020,-0.591,-63.538,-154.419,-20.386
-0.113,-0.089,-0.655,-94.910,-184.326,-26.428
-0.155,-0.090,-0.528,-104.736,-228.943,-20.935
-0.307,0.038,-0.237,-90.454,-272.705,-11.047
-0.305,0.152,0.117,-33.447,-306.824,-5.981
-0.441,0.225,0.665,10.803,-337.097,-8.606
-0.472,0.192,1.264,-3.540,-346.069,-23.315
-0.555,0.119,1.799,-31.372,-334.534,-36.926
-0.610,-0.068,2.049,-85.571,-303.162,-46.692
-0.513,-0.285,1.862,-157.166,-246.765,-54.443
-0.492,-0.379,1.396,-183.350,-195.496,-40.710
-0.471,-0.427,0.973,-176.147,-175.415,-19.043
-0.482,-0.391,0.812,-163.818,-183.899,-4.700
-0.606,-0.299,0.758,-136.719,-200.806,1.526
-0.641,-0.245,0.927,-89.111,-220.093,2.563
-0.661,-0.016,1.642,-14.221,-258.301,9.705
-0.845,0.286,2.762,55.420,-304.687,16.724
-0.951,0.385,3.622,90.515,-313.538,-0.793
-0.945,0.175,4.000,69.580,-266.235,-35.339
-0.883,-0.041,4.000,35.522,-175.598,-54.199
-0.935,-0.144,3.887,22.156,-69.885,-54.626
-1.021,-0.252,3.325,20.630,37.903,-46.448
-1.085,-0.413,2.661,-5.432,126.282,-32.104
-1.147,-0.538,2.161,-34.607,170.410,-18.921
-1.082,-0.596,1.961,-23.193,174.072,-3.540
-1.007,-0.494,1.957,8.240,159.912,26.611
-0.915,-0.267,2.027,42.725,154.724,60.303
-0.826,0.000,2.081,81.970,162.781,79.590
-0.752,0.221,2.066,116.211,182.861,80.078
-0.711,0.316,2.005,137.451,209.778,65.186
-0.672,0.310,1.822,153.198,239.136,44.434
-0.698,0.257,1.553,155.518,263.184,31.372
-0.688,0.200,1.184,125.366,286.743,29.480
-0.627,0.146,0.759,64.209,308.533,30.701
-0.534,0.081,0.395,8.850,314.270,27.161
-0.437,0.036,0.196,-14.465,299.011,23.804
-0.363,0.049,0.140,-18.677,271.545,25.452
-0.276,0.033,0.124,-30.212,245.239,29.480
-0.158,0.000,0.121,-47.180,225.464,33.081
-0.086,-0.013,0.102,-66.467,208.862,36.499
-0.040,-0.052,0.036,-75.378,196.716,33.386
0.027,-0.098,-0.100,-45.044,185.059,20.325
0.060,-0.177,-0.225,5.310,166.748,1.770
0.093,-0.221,-0.271,59.631,140.137,-8.240
0.101,-0.229,-0.277,113.892,111.389,-7.751
0.097,-0.230,-0.245,145.874,83.496,-5.249
0.128,-0.217,-0.229,132.263,62.866,-7.385
0.100,-0.201,-0.316,111.816,52.246,-10.986
0.127,-0.246,-0.543,97.412,47.363,-11.353
0.111,-0.297,-0.792,80.505,39.551,-8.484
0.080,-0.287,-0.975,64.209,17.151,0.366
0.054,-0.209,-1.047,41.077,-19.043,15.930
0.041,-0.098,-0.991,18.311,-63.110,26.672
-0.004,0.004,-0.794,8.728,-108.582,26.245
-0.047,0.104,-0.475,11.780,-147.644,20.508
-0.072,0.205,-0.082,24.048,-178.406,15.686
-0.094,0.303,0.343,10.864,-196.289,10.010
-0.075,0.354,0.675,-33.142,-193.726,-0.916
-0.166,0.309,0.782,-97.839,-170.044,-16.907
-0.178,0.197,0.521,-165.527,-132.141,-36.743
-0.061,0.036,0.170,-220.581,-103.455,-49.316
-0.096,-0.259,-0.099,-226.868,-109.192,-49.683
-0.180,-0.475,-0.191,-205.872,-139.771,-33.630
-0.256,-0.471,-0.061,-188.354,-176.453,-5.249
-0.329,-0.290,0.236,-145.081,-213.318,22.949
-0.322,-0.014,0.613,-80.017,-246.277,39.612
-0.349,0.214,1.086,-27.954,-268.982,39.490
-0.411,0.332,1.537,21.667,-274.597,20.020
-0.508,0.334,1.897,65.247,-261.841,-4.761
-0.560,0.280,2.171,78.796,-238.342,-20.996

-0.585,0.082,2.479,1.404,-179.810,-32.837
-0.534,-0.009,2.335,-61.279,-137.329,-31.250
-0.539,-0.025,2.054,-117.310,-97.717,-19.104
-0.540,-0.057,1.852,-157.776,-80.261,-8.728
-0.462,-0.207,2.114,-138.306,-90.454,-6.042
-0.566,-0.195,2.377,-62.256,-102.783,-1.953
-0.588,-0.319,2.691,0.305,-103.455,-1.892
-0.638,-0.468,2.937,63.721,-89.478,-3.113
-0.638,-0.472,3.039,92.346,-60.730,3.174
-0.633,-0.378,2.993,94.116,-23.254,11.719
-0.617,-0.380,2.861,93.079,12.024,10.925
-0.647,-0.445,2.684,97.473,42.480,3.296
-0.718,-0.585,2.484,97.900,67.078,-2.747
-0.706,-0.742,2.313,85.449,83.679,-0.732
-0.680,-0.702,2.244,67.383,91.309,17.944
-0.684,-0.494,2.200,44.128,100.403,43.457
-0.637,-0.301,2.092,14.954,117.737,57.800
-0.612,-0.210,1.971,-17.761,137.512,60.425
-0.601,-0.168,1.842,-44.678,156.067,57.495
-0.582,-0.109,1.726,-59.021,172.668,54.810
-0.547,-0.004,1.622,-67.383,187.073,54.199
-0.461,0.080,1.507,-50.232,200.928,49.377
-0.485,0.075,1.384,26.489,211.426,34.851
-0.470,0.028,1.235,102.417,218.872,21.545
-0.481,0.019,1.065,132.935,229.675,20.569
-0.471,0.028,0.827,149.719,241.760,25.330
-0.458,0.028,0.599,165.161,246.216,29.053
-0.439,0.021,0.446,167.725,239.685,31.677
-0.390,0.007,0.388,153.320,226.135,35.828
-0.353,0.035,0.394,125.732,212.097,45.288
-0.340,0.136,0.314,70.313,206.726,58.228
-0.290,0.270,0.114,-3.967,213.257,65.674
-0.195,0.290,-0.162,-47.913,215.515,59.692
-0.098,0.238,-0.396,-47.668,203.430,45.898
-0.041,0.185,-0.545,-22.644,180.298,31.494
0.006,0.123,-0.619,7.202,151.794,15.137
0.044,0.074,-0.607,30.701,122.375,1.648
0.059,0.082,-0.559,45.715,97.656,-2.197
0.087,0.101,-0.514,56.946,78.735,-4.028
0.123,0.105,-0.534,74.280,66.406,-12.390
0.120,0.100,-0.668,90.271,60.974,-22.644
0.113,0.102,-0.929,85.022,58.899,-26.001
0.061,0.107,-1.233,51.025,50.171,-22.034
0.055,0.101,-1.494,7.935,25.818,-17.456
-0.000,0.065,-1.633,-7.812,-20.020,-14.832
0.049,0.039,-1.549,-8.789,-85.388,-12.451
0.051,0.143,-1.236,-30.212,-147.278,-4.700
0.051,0.315,-0.904,-47.485,-188.721,-0.549
-0.031,0.451,-0.618,-45.410,-212.341,-7.690
-0.056,0.502,-0.363,-54.565,-228.027,-22.705
-0.113,0.461,-0.110,-71.594,-242.126,-43.579
-0.192,0.295,0.120,-75.989,-252.808,-66.956
-0.217,0.091,0.348,-84.229,-257.812,-83.923
-0.295,-0.025,0.597,-93.750,-261.047,-86.182
-0.366,-0.100,0.853,-101.440,-262.817,-81.116
-0.453,-0.200,1.051,-100.464,-261.414,-77.759
-0.538,-0.269,1.156,-93.750,-256.653,-72.876
-0.618,-0.255,1.170,-63.721,-253.113,-63.660
-0.659,-0.113,1.212,-40.710,-255.554,-52.063
-0.763,0.029,1.372,-38.452,-262.695,-47.424
-0.795,0.137,1.785,-28.931,-276.184,-50.903
-0.861,0.231,2.520,-7.812,-298.462,-56.641
-0.917,0.105,3.323,-10.925,-305.603,-73.425
-0.880,-0.316,3.810,-36.926,-263.977,-96.680
-0.843,-0.670,3.641,-54.993,-175.903,-102.356
-0.750,-0.835,2.995,-46.814,-81.238,-84.656
-0.787,-0.683,2.271,-19.348,-26.245,-58.838
-0.831,-0.780,1.923,-12.024,-21.301,-51.697
-0.865,-1.057,2.066,-4.028,-48.401,-49.438
-0.837,-1.109,2.492,-12.329,-74.890,-26.794
-0.824,-1.004,2.861,-22.644,-77.087,1.892
-0.818,-0.852,3.034,-29.846,-54.504,20.142
-0.806,-0.705,2.914,-33.325,-17.822,26.855
-0.808,-0.692,2.838,-35.522,13.855,22.217
-0.812,-0.749,2.779,-16.602,43.945,14.526
-0.845,-0.787,2.681,14.954,72.876,16.541
-0.854,-0.794,2.543,23.865,101.929,23.376
-0.868,-0.784,2.337,20.508,131.165,34.607
-0.858,-0.754,2.067,21.912,158.081,47.302
-0.822,-0.662,1.742,41.931,179.749,60.608
-0.780,-0.476,1.445,86.121,189.331,78.857
-0.726,-0.225,1.260,117.676,187.195,96.924
-0.670,-0.019,1.162,124.390,182.373,106.873
-0.592,0.101,1.079,115.479,180.908,106.018
-0.547,0.194,0.987,94.788,184.448,101.746
-0.496,0.279,0.890,61.523,191.040,98.389
-0.444,0.338,0.823,30.212,195.496,91.797
-0.408,0.353,0.787,14.404,197.266,79.956
-0.377,0.313,0.753,4.089,200.439,65.674
-0.361,0.268,0.676,-6.592,207.825,54.443
-0.345,0.208,0.514,-23.376,218.689,44.617
-0.310,0.117,0.287,-26.306,228.577,33.813
-0.275,0.049,0.015,-2.136,232.178,27.405
-0.248,0.033,-0.259,53.406,225.037,27.283
-0.235,0.069,-0.578,105.774,210.449,33.020
-0.153,0.139,-0.854,122.498,186.951,37.964
-0.061,0.210,-0.984,111.938,148.987,41.382
0.008,0.269,-0.935,86.792,101.135,42.664
0.063,0.318,-0.775,65.796,56.702,39.124
0.073,0.349,-0.620,39.185,27.100,30.640
0.106,0.347,-0.562,16.113,12.756,17.883
0.098,0.299,-0.579,18.799,3.479,3.662
0.073,0.264,-0.569,22.888,-8.118,-6.470
0.057,0.301,-0.510,10.010,-23.560,-8.850
0.064,0.376,-0.422,-21.973,-38.208,-8.545
0.072,0.382,-0.323,-65.308,-50.903,-15.137
0.055,0.297,-0.288,-88.623,-59.692,-28.503
0.017,0.169,-0.352,-92.468,-64.026,-41.382
-0.063,0.034,-0.462,-78.735,-71.777,-48.706
-0.091,-0.055,-0.484,-56.580,-90.454,-48.706
-0.105,-0.024,-0.320,-33.142,-120.911,-38.452
-0.110,0.079,-0.002,-14.404,-153.381,-26.978
-0.114,0.134,0.309,-10.742,-172.485,-27.222
-0.126,0.087,0.477,-17.090,-171.082,-38.513
-0.177,-0.000,0.480,-32.654,-158.630,-48.157
-0.219,-0.058,0.462,-58.411,-150.757,-50.049
-0.206,-0.087,0.590,-81.909,-157.532,-48.645
-0.227,-0.163,0.841,-79.163,-173.462,-54.260
-0.266,-0.330,1.073,-58.777,-181.946,-65.796

-0.493,-0.394,2.227,-5.676,-191.284,-39.124
-0.538,-0.552,2.586,-14.465,-183.350,-45.410
-0.531,-0.688,2.754,-30.334,-158.081,-42.603
-0.462,-0.700,2.841,-28.503,-124.756,-29.724
-0.480,-0.516,2.661,-17.822,-87.830,-14.465
-0.500,-0.665,2.567,-33.508,-66.772,-19.897
-0.534,-0.942,2.674,-42.908,-67.261,-27.283
-0.528,-0.987,2.909,-60.425,-73.242,-14.465
-0.500,-0.882,3.180,-79.590,-67.627,3.967
-0.493,-0.825,3.349,-68.970,-44.495,10.681
-0.532,-0.914,3.345,-28.503,-8.972,1.343
-0.562,-1.015,3.082,23.010,35.706,-4.333
-0.595,-1.018,2.713,72.266,73.853,3.052
-0.587,-0.966,2.439,94.727,93.994,15.808
-0.574,-0.877,2.215,107.178,105.103,30.579
-0.559,-0.761,2.000,100.464,116.089,48.157
-0.529,-0.612,1.821,74.585,127.075,65.918
-0.506,-0.426,1.680,58.716,132.812,80.078
-0.472,-0.237,1.537,46.143,137.085,87.524
-0.430,-0.090,1.383,33.020,142.273,88.257
-0.384,-0.002,1.231,24.963,146.606,83.191
-0.350,0.009,1.085,30.212,148.437,73.486
-0.357,-0.021,0.937,37.415,149.597,61.523
-0.343,-0.042,0.752,47.729,150.208,53.467
-0.307,-0.026,0.593,54.688,147.217,52.795
-0.285,-0.020,0.447,55.481,140.198,52.185
-0.260,-0.019,0.313,44.067,132.324,53.406
-0.210,0.007,0.193,37.598,123.718,56.030
-0.171,0.039,0.167,41.870,109.619,56.213
-0.138,0.099,0.221,47.180,94.055,56.519
-0.119,0.187,0.245,43.823,86.487,57.922
-0.112,0.242,0.154,34.546,89.539,56.030
-0.089,0.260,-0.016,22.339,94.849,50.842
-0.122,0.240,-0.180,4.395,93.933,42.175
-0.097,0.163,-0.355,-10.254,87.219,33.203
-0.074,0.124,-0.471,-5.310,73.975,30.151
-0.096,0.198,-0.509,8.545,53.772,29.297
-0.091,0.289,-0.472,20.996,31.555,25.513
-0.099,0.302,-0.381,25.024,11.414,17.029
-0.109,0.241,-0.294,22.827,-2.686,5.798
-0.148,0.204,-0.259,15.259,-9.277,0.061
-0.152,0.232,-0.246,5.798,-13.611,0.854
-0.133,0.273,-0.194,0.549,-22.339,1.221
-0.129,0.293,-0.132,-0.061,-31.006,-3.357
-0.132,0.249,-0.126,0.183,-34.912,-10.986
-0.154,0.166,-0.192,-0.854,-36.621,-18.311
-0.166,0.107,-0.298,-8.606,-39.368,-20.691
-0.128,0.137,-0.344,-13.184,-49.011,-17.151
-0.156,0.188,-0.262,-9.216,-67.017,-16.541
-0.178,0.138,-0.153,-5.493,-82.336,-23.560
-0.185,0.121,-0.012,-11.597,-94.055,-28.931
-0.176,0.142,0.083,-16.968,-102.295,-31.982
-0.168,0.111,0.186,-26.672,-108.337,-37.109
-0.199,-0.007,0.331,-40.039,-115.112,-46.448
-0.227,-0.144,0.457,-49.194,-120.117,-53.528
-0.218,-0.213,0.557,-53.955,-123.535,-51.880
-0.196,-0.224,0.664,-65.735,-127.991,-46.082
-0.183,-0.209,0.726,-81.543,-130.188,-42.480
-0.174,-0.192,0.756,-86.609,-131.653,-40.344
-0.165,-0.238,0.838,-82.947,-139.343,-42.847
-0.165,-0.362,1.064,-77.881,-155.151,-47.546
-0.225,-0.441,1.414,-78.735,-171.631,-47.607
-0.226,-0.499,1.756,-72.021,-174.133,-47.424
-0.231,-0.494,2.012,-54.504,-164.429,-47.485
-0.261,-0.524,2.215,-36.743,-151.855,-51.880
-0.329,-0.664,2.405,-19.165,-139.954,-62.683
-0.451,-0.931,2.519,-2.747,-126.099,-69.885
-0.496,-1.012,2.672,16.602,-111.450,-61.340
-0.612,-1.058,2.744,18.311,-94.299,-47.119
-0.692,-1.318,3.006,5.066,-89.478,-43.579
-0.759,-1.387,3.315,-5.371,-88.989,-27.039
-0.736,-1.196,3.461,-17.273,-72.144,3.540
-0.753,-1.056,3.481,-22.705,-43.762,23.376
-0.789,-1.072,3.500,-24.597,-15.869,28.137
-0.820,-1.057,3.396,-18.921,12.939,33.447
-0.823,-0.902,3.232,-17.395,44.006,47.668
-0.806,-0.686,3.038,-14.343,73.975,60.181
-0.791,-0.539,2.774,-2.441,102.173,62.012
-0.788,-0.469,2.455,5.737,128.418,58.594
-0.756,-0.373,2.167,10.315,147.583,59.326
-0.733,-0.252,1.960,21.423,156.128,62.988
-0.720,-0.151,1.775,32.715,161.194,64.331
-0.694,-0.080,1.560,31.067,169.495,63.843
-0.644,-0.009,1.317,25.757,178.162,62.744
-0.607,0.037,1.106,30.762,181.213,60.608
-0.563,0.000,0.943,39.734,179.321,54.504
-0.529,-0.082,0.745,50.964,178.284,48.401
-0.485,-0.126,0.523,59.692,177.856,49.438
-0.423,-0.075,0.357,70.007,170.593,56.458
-0.363,0.047,0.266,76.294,158.508,62.317
-0.322,0.112,0.207,76.904,147.888,59.326
-0.275,0.145,0.154,80.750,139.587,54.260
-0.241,0.247,0.131,79.834,132.568,54.688
-0.210,0.357,0.113,74.097,126.343,53.284
-0.191,0.353,0.064,58.350,123.352,41.931
-0.160,0.284,-0.069,39.429,123.962,28.442
-0.137,0.224,-0.313,23.376,125.610,23.437
-0.108,0.179,-0.555,1.770,122.253,24.902
-0.064,0.208,-0.712,-4.944,107.117,28.320
0.009,0.269,-0.715,-3.113,81.543,29.236
0.038,0.316,-0.617,7.874,54.993,21.484
0.055,0.363,-0.556,23.560,39.063,10.254
0.071,0.403,-0.562,26.733,32.288,0.183
0.079,0.347,-0.608,29.114,26.428,-14.160
0.058,0.229,-0.635,31.555,17.334,-28.687
0.041,0.179,-0.681,25.940,7.568,-33.386
0.037,0.180,-0.728,15.808,-1.953,-32.288
0.029,0.124,-0.696,7.690,-16.357,-35.461
0.012,0.051,-0.596,4.822,-34.546,-39.490
0.029,0.075,-0.507,-1.221,-47.791,-35.583
0.047,0.120,-0.503,-3.845,-55.481,-32.349
0.024,0.092,-0.547,7.935,-64.819,-39.124
-0.002,0.055,-0.517,7.874,-79.712,-45.715
-0.020,0.057,-0.378,3.418,-98.206,-46.692
-0.052,0.082,-0.143,-3.113,-117.371,-47.363
-0.077,0.055,0.143,-4.333,-131.653,-52.551
-0.113,-0.073,0.411,-14.648,-138.489,-61.768
-0.151,-0.245,0.564,-31.677,-134.705,-71.838
-0.215,-0.385,0.571,-42.175,-125.610,-75.012

-0.325,-0.486,2.081,-58.411,-151.367,-59.143
-0.324,-0.599,1.915,-56.763,-117.676,-61.584
-0.374,-0.710,1.773,-45.166,-101.990,-61.890
-0.401,-0.814,1.760,-36.743,-103.394,-60.608
-0.406,-0.845,1.961,-27.039,-114.441,-52.673
-0.428,-0.779,2.358,-13.062,-129.333,-39.490
-0.372,-0.825,2.914,4.272,-137.512,-33.203
-0.429,-0.835,3.226,21.912,-119.751,-31.677
-0.524,-1.028,3.154,21.301,-76.843,-39.063
-0.586,-1.228,3.124,7.874,-46.326,-39.246
-0.594,-1.313,3.174,-14.832,-30.457,-25.330
-0.625,-1.378,3.165,-30.579,-12.634,-10.254
-0.618,-1.449,3.077,-40.771,9.521,0.854
-0.647,-1.500,2.899,-32.349,33.386,12.329
-0.657,-1.452,2.692,-9.338,54.321,28.625
-0.632,-1.230,2.516,14.954,69.641,51.453
-0.581,-0.944,2.379,32.471,82.336,69.885
-0.545,-0.719,2.184,40.710,97.900,76.965
-0.511,-0.585,1.896,36.194,117.432,77.026
-0.464,-0.453,1.570,25.635,134.033,77.942
-0.404,-0.316,1.318,18.799,140.076,78.613
-0.336,-0.208,1.134,21.118,138.550,75.073
-0.299,-0.160,0.982,32.410,134.888,67.566
-0.263,-0.122,0.800,34.058,133.118,62.500
-0.244,-0.074,0.583,37.659,132.629,60.181
-0.252,-0.066,0.422,48.767,125.732,56.091
-0.275,-0.089,0.375,56.274,113.342,53.406
-0.259,-0.046,0.485,60.669,96.619,56.885
-0.256,0.087,0.661,60.913,83.252,63.416
-0.238,0.216,0.686,60.669,86.121,62.439
-0.264,0.234,0.508,59.509,99.243,52.979
-0.268,0.211,0.310,51.636,106.689,44.006
-0.243,0.210,0.194,41.626,103.027,41.016
-0.226,0.216,0.155,33.752,93.872,38.513
-0.204,0.224,0.113,25.818,86.121,33.997
-0.182,0.229,0.016,16.846,82.275,29.114
-0.173,0.221,-0.090,14.587,76.782,24.658
-0.136,0.208,-0.183,7.629,68.115,21.301
-0.111,0.179,-0.228,0.854,57.373,16.479
-0.086,0.154,-0.230,1.282,45.471,10.681
-0.068,0.158,-0.265,8.240,36.377,5.371
-0.038,0.175,-0.322,7.935,29.419,1.526
-0.009,0.204,-0.369,1.404,21.729,-1.404
0.008,0.218,-0.433,-6.714,13.489,-4.272
0.014,0.193,-0.520,-22.217,6.042,-8.423
0.024,0.161,-0.631,-35.156,-2.625,-13.184
0.012,0.158,-0.706,-37.231,-16.663,-15.991
0.004,0.206,-0.662,-38.452,-36.987,-17.944
-0.000,0.258,-0.465,-30.701,-61.218,-22.583
-0.007,0.286,-0.225,-25.757,-80.811,-30.640
-0.025,0.293,-0.108,-29.297,-86.243,-39.795
-0.053,0.232,-0.137,-36.133,-83.069,-51.270
-0.088,0.100,-0.198,-51.147,-83.252,-61.768
-0.121,-0.029,-0.197,-64.026,-91.919,-67.688
-0.169,-0.074,-0.123,-64.575,-106.323,-66.589
-0.197,-0.090,0.061,-52.307,-123.962,-65.002
-0.247,-0.185,0.308,-38.879,-141.052,-68.542
-0.304,-0.321,0.543,-30.151,-152.161,-73.059
-0.322,-0.387,0.746,-33.997,-156.799,-69.824
-0.325,-0.330,0.915,-40.466,-157.959,-60.730
-0.352,-0.236,1.053,-49.866,-157.227,-54.199
-0.393,-0.217,1.226,-57.007,-156.677,-54.688
-0.420,-0.251,1.546,-60.791,-161.011,-56.641
-0.456,-0.332,1.943,-58.533,-163.513,-60.913
-0.537,-0.484,2.152,-40.527,-151.245,-70.313
-0.576,-0.673,2.198,-23.926,-129.456,-76.111
-0.611,-0.792,2.201,-15.137,-113.953,-72.815
-0.503,-0.827,2.349,-2.258,-108.704,-57.800
-0.554,-0.658,2.442,13.611,-100.952,-39.124
-0.540,-0.737,2.553,10.803,-89.600,-40.771
-0.550,-0.908,2.718,15.503,-84.473,-45.959
-0.545,-0.999,2.900,5.798,-74.585,-40.161
-0.518,-1.029,2.920,-22.156,-50.720,-27.222
-0.523,-1.119,2.797,-34.241,-21.729,-19.836
-0.561,-1.284,2.622,-26.123,-1.282,-17.761
-0.588,-1.403,2.562,-17.334,8.118,-8.850
-0.581,-1.355,2.682,-15.503,10.376,10.254
-0.567,-1.187,2.778,-8.850,19.226,30.212
-0.564,-1.037,2.705,6.104,41.748,40.833
-0.571,-0.962,2.481,18.616,69.824,43.640
-0.567,-0.897,2.171,27.771,94.849,47.363
-0.549,-0.768,1.871,34.607,110.718,56.152
-0.505,-0.593,1.648,38.208,116.150,66.406
-0.447,-0.450,1.515,35.706,116.638,70.496
-0.409,-0.390,1.417,27.161,116.943,68.298
-0.364,-0.352,1.307,21.667,118.652,66.223
-0.351,-0.309,1.209,37.109,117.798,64.575
-0.344,-0.243,1.194,47.791,113.464,64.026
-0.375,-0.230,1.183,50.659,112.122,61.951
-0.404,-0.276,1.123,47.302,116.211,58.167
-0.415,-0.237,1.034,42.297,121.033,60.974
-0.411,-0.119,0.990,42.297,122.559,67.505
-0.406,-0.027,0.989,47.363,121.887,67.627
-0.403,-0.016,0.925,59.753,125.977,60.181
-0.406,0.013,0.795,78.369,132.202,54.504
-0.411,0.071,0.622,91.187,136.169,53.101
-0.383,0.131,0.448,82.642,138.184,53.101
-0.345,0.185,0.290,63.721,136.108,54.993
-0.309,0.218,0.191,42.175,130.310,56.213
-0.267,0.229,0.135,20.264,124.268,53.406
-0.245,0.215,0.052,3.784,117.981,47.729
-0.164,0.202,-0.004,-5.737,110.535,43.396
-0.136,0.229,-0.081,-1.770,102.295,38.818
-0.125,0.266,-0.179,-0.244,96.741,31.860
-0.090,0.278,-0.303,-4.456,90.942,24.841
-0.057,0.235,-0.441,-5.554,82.703,15.259
-0.040,0.218,-0.580,-0.610,71.960,7.263
-0.017,0.247,-0.658,-2.869,56.274,5.188
0.002,0.266,-0.682,-6.348,37.720,2.625
0.024,0.280,-0.669,-9.460,19.775,-1.099
0.033,0.275,-0.645,-16.357,4.456,-5.188
0.026,0.232,-0.626,-25.574,-7.935,-11.597
0.005,0.187,-0.624,-29.419,-19.958,-17.334
0.000,0.172,-0.590,-35.767,-33.813,-20.142
-0.014,0.158,-0.516,-45.410,-48.218,-22.461
-0.016,0.110,-0.419,-52.856,-61.951,-27.649
-0.023,0.060,-0.359,-62.195,-72.449,-32.410
-0.005,0.006,-0.340,-65.430,-79.956,-34.912
-0.007,-0.023,-0.299,-63.904,-90.088,-37.292

-0.432,-0.638,1.512,-27.405,-85.999,-90.698
-0.509,-0.825,1.304,-29.663,-72.083,-83.740
-0.559,-0.904,1.328,-43.396,-83.313,-65.125
-0.523,-0.728,1.635,-56.458,-104.126,-37.231
-0.479,-0.575,2.083,-49.255,-124.146,-17.456
-0.460,-0.519,2.669,-6.653,-134.460,-14.893
-0.418,-0.647,2.765,41.931,-107.605,-28.137
-0.352,-0.750,2.567,67.566,-64.209,-38.513
-0.287,-0.745,2.316,79.956,-30.884,-31.372
-0.218,-0.762,2.237,84.351,-15.381,-28.442
-0.235,-0.887,2.247,95.215,-7.935,-36.743
-0.193,-1.004,2.190,99.365,9.338,-37.415
-0.174,-1.019,2.261,92.590,23.193,-28.625
-0.178,-1.164,2.377,110.962,31.311,-34.668
-0.108,-1.313,2.223,135.010,47.913,-47.852
-0.260,-1.323,1.960,153.137,61.096,-51.941
-0.249,-1.358,1.736,151.489,76.233,-46.021
-0.171,-1.636,1.522,72.327,108.459,-27.405
-0.134,-1.619,1.292,44.312,115.784,16.968
-0.205,-1.185,1.267,16.479,95.215,80.200
-0.010,-0.812,1.471,-62.439,82.092,96.313
0.111,-0.684,1.726,-122.986,78.674,71.838
0.062,-0.741,1.850,-143.127,82.581,36.133
0.067,-0.817,1.876,-144.653,94.971,10.071
0.056,-0.865,1.762,-94.666,112.427,2.319
0.012,-0.965,1.534,19.226,126.587,10.376
-0.017,-1.045,1.352,134.399,128.723,34.546
-0.072,-0.994,1.322,210.205,121.643,64.392
-0.089,-0.880,1.316,283.813,121.704,92.957
-0.091,-0.878,1.199,376.099,129.700,120.300
-0.119,-0.856,0.977,420.410,137.512,149.292
-0.071,-0.699,0.752,375.793,140.930,192.200
-0.004,-0.380,0.529,291.687,132.996,234.009
0.062,0.047,0.512,145.386,124.878,252.319
0.103,0.295,0.517,50.964,113.037,228.699
0.126,0.356,0.486,10.437,100.464,177.856
0.181,0.330,0.479,-24.597,88.989,123.718
0.157,0.273,0.451,-77.942,80.994,80.139
0.068,0.184,0.498,-161.560,81.055,50.110
0.030,0.056,0.437,-187.195,79.468,28.992
-0.046,-0.088,0.332,-181.396,78.125,17.273
-0.025,-0.173,0.180,-175.110,75.623,15.747
-0.090,-0.104,0.107,-163.635,65.002,23.560
-0.057,-0.029,0.047,-130.859,48.767,34.729
-0.046,0.059,0.016,-114.136,33.997,41.321
-0.068,0.115,-0.015,-135.986,31.799,40.771
-0.087,0.114,-0.071,-134.094,28.625,31.433
-0.142,0.104,-0.043,-117.004,18.066,19.043
-0.154,0.138,0.038,-88.867,3.113,10.376
-0.174,0.201,0.066,-49.866,-9.216,8.911
-0.180,0.256,0.044,-53.345,-15.564,9.888
-0.179,0.327,0.050,-96.985,-17.151,6.653
-0.162,0.331,0.011,-86.426,-23.132,-1.770
-0.168,0.283,-0.013,-53.650,-32.959,-12.573
-0.162,0.223,-0.020,-52.612,-39.490,-22.766
-0.172,0.141,0.007,-60.364,-45.898,-30.640
-0.177,0.035,0.042,-59.509,-55.054,-35.767
-0.163,-0.034,0.113,-65.857,-62.195,-35.828
-0.142,-0.064,0.199,-65.125,-69.275,-33.691
-0.126,-0.076,0.267,-52.185,-76.050,-31.799
-0.131,-0.114,0.296,-57.251,-78.430,-30.334
-0.142,-0.150,0.286,-80.994,-76.843,-29.175
-0.143,-0.177,0.245,-89.478,-79.468,-25.574
-0.111,-0.155,0.237,-97.778,-90.149,-19.348
-0.056,-0.123,0.348,-111.206,-107.483,-14.893
-0.022,-0.156,0.538,-109.619,-128.418,-16.174
0.125,-0.249,0.812,-111.023,-145.996,-19.287
0.021,-0.301,1.101,-124.207,-153.564,-19.592
0.063,-0.321,1.241,-116.028,-142.212,-18.799
0.073,-0.297,1.251,-56.824,-130.676,-14.404
0.109,-0.260,1.198,-15.198,-122.986,-9.583
0.118,-0.314,1.181,-17.395,-120.422,-10.193
0.169,-0.334,1.229,-58.838,-121.765,-8.667
0.190,-0.228,1.473,-119.873,-125.183,-4.150
0.294,-0.227,1.628,-143.799,-129.517,-5.310
0.276,-0.152,1.968,-159.851,-125.122,-8.545
0.290,-0.335,2.023,-141.174,-112.549,-13.550
0.339,-0.143,2.259,-102.722,-116.089,-3.357
0.338,-0.153,2.648,-91.736,-114.746,-8.362
0.318,-0.223,2.797,-57.312,-97.046,-16.968
0.318,-0.314,2.716,-28.625,-67.200,-20.203
0.296,-0.338,2.677,-34.546,-46.509,-17.944
0.271,-0.308,2.779,-37.109,-40.955,-14.099
0.263,-0.308,2.910,-18.311,-36.621,-15.198
0.232,-0.363,3.013,-0.488,-24.292,-19.470
0.217,-0.415,3.026,17.029,-6.165,-21.851
0.161,-0.468,2.856,25.696,19.531,-20.386
0.127,-0.475,2.640,3.052,45.654,-13.062
0.113,-0.427,2.505,-6.897,58.533,-2.258
0.100,-0.334,2.467,-2.869,63.171,6.042
0.075,-0.307,2.393,-6.836,73.853,10.254
0.014,-0.220,2.223,-17.395,91.125,16.296
-0.006,-0.054,1.940,-28.809,109.131,24.109
0.001,0.118,1.719,-38.696,120.239,25.391
-0.030,0.186,1.454,-20.264,124.390,16.846
-0.033,0.219,1.174,9.583,121.765,3.784
-0.078,0.100,1.077,44.006,109.497,-9.521
-0.103,0.029,1.004,63.599,102.295,-12.695
-0.095,0.101,0.885,72.632,100.891,-6.531
-0.102,0.211,0.798,66.040,99.792,-2.930
-0.090,0.275,0.800,67.688,94.360,-5.432
-0.103,0.267,0.921,90.088,85.754,-11.475
-0.158,0.125,1.009,104.736,83.984,-15.381
-0.152,0.035,0.872,91.858,101.257,-7.629
-0.174,0.140,0.571,72.937,123.718,9.583
-0.216,0.231,0.255,61.157,134.827,18.066
-0.219,0.183,-0.047,54.260,135.559,15.320
-0.217,0.109,-0.218,39.734,125.122,13.184
-0.213,0.090,-0.289,20.081,108.459,16.968
-0.175,0.114,-0.374,-8.179,95.276,22.522
-0.133,0.074,-0.444,-36.438,82.764,23.560
-0.117,-0.003,-0.404,-55.969,67.200,21.545
-0.111,-0.036,-0.403,-44.983,53.772,19.775
-0.112,0.006,-0.476,0.427,42.480,20.020
-0.115,0.005,-0.480,29.419,27.344,18.799
-0.111,-0.062,-0.447,28.198,14.160,13.550
-0.131,-0.075,-0.458,34.729,4.578,11.169
-0.139,-0.044,-0.470,39.795,-5.371,13.977
-0.143,0.005,-0.440,17.273,-15.747,17.761

-0.115,-0.021,2.441,-38.635,-137.146,-2.014
-0.063,-0.066,2.633,-29.663,-126.587,4.822
-0.078,-0.113,2.747,-8.240,-114.319,8.484
-0.017,-0.106,2.844,8.423,-97.290,14.465
-0.019,-0.079,2.878,21.484,-78.308,18.555
-0.019,-0.113,2.887,37.476,-61.279,17.212
-0.056,-0.124,2.874,44.250,-45.654,17.273
-0.064,-0.109,2.851,38.330,-28.992,19.714
-0.088,-0.100,2.889,30.884,-16.541,18.372
-0.113,-0.063,2.893,18.066,-1.282,15.747
-0.141,-0.074,2.796,-0.183,19.775,10.315
-0.185,-0.157,2.607,-15.137,40.771,3.967
-0.204,-0.222,2.419,-33.325,58.655,3.174
-0.207,-0.185,2.338,-40.405,66.833,7.629
-0.205,-0.111,2.295,-33.630,71.289,9.644
-0.218,-0.071,2.192,-15.991,80.872,6.592
-0.236,-0.069,2.103,6.470,89.966,3.357
-0.252,0.024,1.992,17.151,100.281,5.737
-0.271,0.110,1.797,23.132,113.403,6.409
-0.292,0.127,1.575,36.560,123.169,1.648
-0.285,0.157,1.441,47.607,127.258,-1.465
-0.264,0.219,1.403,65.308,125.244,-2.197
-0.307,0.204,1.349,91.675,123.962,-6.165
-0.351,0.139,1.141,95.459,133.545,-10.559
-0.388,0.097,0.865,75.134,145.447,-7.690
-0.408,0.113,0.701,53.467,144.409,-1.343
-0.412,0.135,0.635,42.297,136.047,2.869
-0.420,0.121,0.638,34.546,128.479,2.869
-0.430,0.120,0.599,32.349,125.183,2.563
-0.429,0.149,0.556,31.311,123.657,5.066
-0.427,0.153,0.504,27.466,122.070,6.958
-0.405,0.180,0.381,23.804,123.047,9.521
-0.386,0.224,0.264,18.127,122.803,12.390
-0.358,0.235,0.149,10.498,119.141,11.841
-0.321,0.279,-0.005,0.427,115.906,11.536
-0.262,0.346,-0.178,-13.062,111.267,11.536
-0.211,0.354,-0.329,-22.522,101.563,7.019
-0.193,0.248,-0.403,-24.536,86.365,-1.465
-0.176,0.107,-0.467,-33.813,72.327,-7.019
-0.117,0.010,-0.582,-45.166,61.462,-6.531
-0.075,-0.069,-0.604,-34.485,44.678,-5.798
-0.057,-0.171,-0.510,-12.085,22.949,-6.531
-0.013,-0.246,-0.379,3.418,7.874,-6.042
0.002,-0.237,-0.343,29.480,1.587,-3.845
0.016,-0.202,-0.311,54.504,-3.113,-0.488
0.006,-0.199,-0.345,67.444,-5.920,2.319
-0.002,-0.133,-0.464,72.021,-6.409,8.484
0.003,-0.012,-0.540,66.772,-12.329,17.090
0.009,0.073,-0.547,50.659,-24.963,20.264
0.003,0.124,-0.606,27.710,-35.156,17.639
0.010,0.157,-0.652,3.784,-46.082,13.428
-0.009,0.144,-0.593,-15.686,-64.880,7.507
-0.041,0.072,-0.538,-35.583,-83.069,1.709
-0.049,0.017,-0.492,-57.922,-97.473,-0.427
-0.070,0.034,-0.297,-70.679,-117.859,0.549
-0.079,0.029,0.037,-74.402,-139.709,-0.244
-0.117,-0.038,0.361,-73.975,-152.710,-3.113
-0.170,-0.091,0.522,-69.580,-153.259,-3.601
-0.231,-0.061,0.546,-61.707,-149.048,1.099
-0.274,-0.016,0.613,-55.115,-151.184,8.545
-0.306,0.015,0.755,-56.702,-158.569,15.137
-0.320,0.082,0.926,-60.120,-164.734,21.362
-0.325,0.161,1.073,-62.073,-167.480,24.841
-0.322,0.228,1.235,-54.993,-168.579,24.536
-0.313,0.294,1.509,-44.067,-173.096,23.254
-0.307,0.260,1.825,-35.461,-175.171,18.677
-0.295,0.150,1.950,-37.231,-162.720,13.367
-0.277,0.080,1.994,-32.288,-147.156,12.878
-0.275,0.064,2.117,-17.822,-141.602,14.893
-0.173,0.026,2.376,2.380,-140.625,15.808
-0.178,0.115,2.650,24.170,-135.315,19.836
-0.196,0.106,2.782,34.058,-119.568,15.320
-0.211,0.054,2.892,47.241,-105.164,5.737
-0.218,-0.001,3.116,42.786,-96.436,0.305
-0.215,-0.093,3.295,18.311,-80.994,-4.333
-0.229,-0.182,3.331,0.854,-55.725,-8.301
-0.259,-0.305,3.317,-16.235,-30.884,-9.949
-0.271,-0.410,3.301,-30.457,-9.583,-8.789
-0.296,-0.459,3.300,-32.166,7.996,-3.967
-0.319,-0.477,3.267,-30.029,27.771,3.357
-0.340,-0.403,3.153,-22.156,50.842,13.367
-0.392,-0.296,2.949,6.958,72.754,20.874
-0.438,-0.213,2.706,26.917,92.773,26.306
-0.429,-0.032,2.440,36.072,110.107,33.386
-0.462,0.114,2.229,53.650,118.774,34.729
-0.482,0.143,2.007,60.974,125.488,28.137
-0.479,0.166,1.738,57.068,134.277,22.705
-0.480,0.188,1.547,60.730,135.620,18.005
-0.480,0.175,1.459,67.566,130.493,12.451
-0.474,0.105,1.417,65.613,128.784,8.118
-0.462,0.086,1.403,65.613,129.700,6.958
-0.482,0.138,1.396,77.087,131.958,9.277
-0.492,0.109,1.333,77.820,139.526,10.864
-0.505,0.050,1.153,63.965,153.137,12.817
-0.503,0.047,0.903,55.725,164.795,16.052
-0.492,0.088,0.680,57.434,168.762,18.860
-0.459,0.135,0.544,57.739,166.016,20.203
-0.443,0.113,0.417,52.917,163.086,18.127
-0.429,0.075,0.213,51.331,162.231,16.052
-0.399,0.078,0.001,41.321,159.119,19.653
-0.327,0.126,-0.202,25.879,151.978,24.902
-0.279,0.202,-0.321,18.372,138.977,25.391
-0.238,0.195,-0.362,15.564,121.643,21.179
-0.188,0.176,-0.391,15.686,107.178,17.395
-0.138,0.175,-0.409,28.870,92.957,14.038
-0.102,0.205,-0.394,38.452,79.895,11.169
-0.068,0.195,-0.431,37.109,72.815,6.775
-0.075,0.135,-0.557,38.879,68.542,0.305
-0.083,0.106,-0.683,32.837,61.096,-0.854
-0.055,0.173,-0.719,17.456,48.096,2.686
-0.040,0.244,-0.648,7.202,31.067,2.136
-0.042,0.233,-0.573,-3.174,17.334,-3.906
-0.035,0.217,-0.577,-13.000,9.949,-10.437
-0.031,0.180,-0.602,-12.573,1.892,-16.174
-0.037,0.107,-0.590,-12.451,-8.911,-20.813
-0.055,0.056,-0.622,-16.968,-18.311,-21.362
-0.041,0.088,-0.646,-23.743,-28.076,-16.724
-0.035,0.112,-0.583,-31.860,-42.847,-13.977
-0.026,0.091,-0.504,-38.574,-56.824,-15.808

-0.263,-0.358,2.193,-17.395,-152.954,-13.916
-0.304,-0.439,2.413,-10.864,-150.208,-16.479
-0.301,-0.434,2.714,0.427,-146.118,-11.658
-0.325,-0.413,2.891,3.296,-132.874,-6.042
-0.347,-0.446,3.118,5.371,-118.958,-8.484
-0.341,-0.459,3.409,10.803,-106.873,-7.141
-0.343,-0.443,3.595,0.854,-83.374,-3.906
-0.346,-0.542,3.615,-8.179,-50.293,-4.700
-0.360,-0.655,3.573,-17.395,-18.433,-3.967
-0.386,-0.725,3.490,-18.372,9.766,1.831
-0.395,-0.744,3.315,-16.602,37.720,12.146
-0.409,-0.637,3.064,-0.427,63.293,25.574
-0.429,-0.513,2.862,25.940,79.712,35.767
-0.436,-0.403,2.697,46.143,92.590,41.748
-0.435,-0.267,2.521,61.401,105.713,45.593
-0.432,-0.175,2.363,67.078,118.835,46.509
-0.467,-0.142,2.160,62.805,132.324,44.495
-0.480,-0.143,1.903,53.955,145.813,42.725
-0.473,-0.122,1.677,44.312,154.480,43.274
-0.475,-0.102,1.516,39.612,157.471,43.152
-0.466,-0.062,1.352,39.246,159.302,42.297
-0.470,-0.061,1.210,38.879,160.400,41.443
-0.457,-0.056,1.084,40.466,159.729,40.039
-0.433,0.002,0.950,41.687,158.569,42.175
-0.417,0.007,0.802,36.926,158.813,41.992
-0.397,-0.014,0.681,35.522,156.494,39.185
-0.360,0.057,0.612,40.283,150.513,39.124
-0.348,0.132,0.552,44.800,145.264,37.354
-0.322,0.135,0.422,46.692,143.555,31.799
-0.297,0.128,0.301,44.678,141.174,27.710
-0.285,0.127,0.228,40.466,134.949,24.841
-0.256,0.085,0.145,34.119,129.578,22.461
-0.244,0.005,0.066,25.818,123.962,20.874
-0.218,0.001,-0.032,21.851,118.042,23.926
-0.181,0.079,-0.105,20.020,109.985,30.212
-0.148,0.163,-0.136,17.395,100.159,33.630
-0.119,0.222,-0.199,9.949,93.262,33.203
-0.093,0.258,-0.318,0.061,88.745,29.602
-0.046,0.295,-0.413,-0.305,79.712,24.170
-0.040,0.310,-0.454,10.986,65.186,15.930
-0.052,0.265,-0.499,18.799,51.392,6.836
-0.048,0.234,-0.558,12.756,40.894,0.977
-0.030,0.278,-0.575,3.113,28.198,-0.854
-0.031,0.306,-0.541,-2.563,12.817,-4.150
-0.038,0.245,-0.492,-9.338,0.183,-11.536
-0.056,0.149,-0.443,-13.916,-9.521,-18.005
-0.058,0.119,-0.417,-11.597,-18.738,-18.005
-0.065,0.170,-0.372,-10.803,-27.771,-13.977
-0.073,0.227,-0.356,-14.099,-35.583,-11.719
-0.071,0.296,-0.406,-19.165,-40.955,-11.719
-0.082,0.323,-0.433,-21.729,-49.927,-14.893
-0.102,0.344,-0.389,-23.132,-64.148,-20.264
-0.124,0.339,-0.340,-27.771,-77.515,-26.367
-0.155,0.270,-0.305,-35.095,-89.539,-34.607
-0.178,0.178,-0.281,-40.161,-102.051,-41.504
-0.174,0.144,-0.210,-43.335,-117.676,-42.908
-0.209,0.080,-0.108,-35.217,-134.644,-45.349
-0.251,-0.008,-0.001,-24.048,-149.719,-49.683
-0.275,-0.080,0.153,-19.165,-163.391,-50.232
-0.294,-0.134,0.411,-19.897,-177.917,-49.011
-0.312,-0.115,0.642,-20.142,-185.730,-46.875
-0.323,-0.150,0.811,-20.081,-186.646,-47.424
-0.329,-0.292,0.979,-26.978,-186.218,-50.842
-0.317,-0.399,1.072,-36.682,-183.105,-48.767
-0.274,-0.403,1.181,-43.213,-180.664,-39.368
-0.254,-0.409,1.369,-52.063,-183.594,-31.982
-0.248,-0.545,1.510,-62.439,-182.007,-31.006
-0.252,-0.663,1.617,-67.932,-176.941,-29.053
-0.257,-0.632,1.852,-60.364,-179.199,-19.836
-0.265,-0.542,2.186,-52.185,-182.800,-12.207
-0.292,-0.502,2.461,-35.034,-177.246,-14.160
-0.318,-0.544,2.683,-10.071,-168.335,-18.860
-0.322,-0.503,3.047,5.188,-160.522,-16.785
-0.319,-0.490,3.206,1.465,-139.404,-15.198
-0.338,-0.531,3.293,-1.038,-115.723,-20.569
-0.391,-0.572,3.421,3.418,-95.276,-22.766
-0.423,-0.671,3.581,8.545,-77.087,-20.325
-0.468,-0.765,3.668,7.568,-51.331,-14.160
-0.509,-0.775,3.650,7.568,-20.264,-3.540
-0.545,-0.744,3.554,7.874,11.230,7.141
-0.582,-0.697,3.373,9.338,43.457,16.296
-0.611,-0.624,3.074,12.878,74.646,25.330
-0.638,-0.515,2.785,20.996,97.961,34.424
-0.632,-0.402,2.568,28.198,112.793,41.199
-0.607,-0.260,2.394,35.034,123.901,46.326
-0.602,-0.161,2.242,42.297,134.033,47.913
-0.587,-0.088,2.069,47.974,145.142,47.607
-0.564,-0.027,1.897,52.612,155.029,46.082
-0.555,-0.000,1.741,61.157,161.804,42.419
-0.543,0.001,1.606,66.101,167.786,38.391
-0.545,-0.060,1.470,66.284,174.316,33.569
-0.544,-0.145,1.327,63.721,180.847,30.212
-0.530,-0.172,1.191,59.814,186.279,31.555
-0.579,-0.239,1.007,51.086,191.467,34.241
-0.542,-0.269,0.734,33.203,198.364,40.588
-0.480,-0.099,0.541,30.396,196.289,50.842
-0.455,-0.009,0.463,46.997,182.678,51.270
-0.433,-0.036,0.386,48.767,173.279,44.861
-0.401,-0.033,0.269,41.504,168.945,42.480
-0.361,0.006,0.186,40.588,161.621,41.870
-0.330,0.033,0.162,38.208,151.855,39.246
-0.287,0.071,0.150,35.950,144.592,36.072
-0.275,0.101,0.069,35.156,140.930,32.776
-0.272,0.095,-0.126,26.917,140.625,29.968
-0.254,0.073,-0.333,9.583,136.536,30.518
-0.212,0.093,-0.439,-3.845,122.864,33.264
-0.203,0.136,-0.468,-3.784,104.797,35.400
-0.143,0.126,-0.500,-1.709,87.769,33.752
-0.097,0.178,-0.502,-7.690,73.425,31.921
-0.111,0.195,-0.562,-7.385,61.340,25.391
-0.092,0.197,-0.588,-6.470,48.157,19.653
-0.072,0.245,-0.547,-10.010,32.349,17.029
-0.064,0.286,-0.500,-7.629,17.700,11.841
-0.054,0.301,-0.485,-7.507,7.080,5.005
-0.054,0.314,-0.504,-9.888,-1.282,-0.732
-0.057,0.321,-0.551,-12.329,-9.521,-4.883
-0.064,0.282,-0.600,-19.409,-20.630,-9.888
-0.075,0.230,-0.642,-28.870,-33.752,-14.160
-0.077,0.196,-0.661,-36.682,-48.706,-16.174

-0.212,-0.523,2.256,-33.203,-164.001,-24.475
-0.281,-0.548,2.548,-16.296,-165.588,-20.386
-0.285,-0.725,2.765,-16.235,-155.457,-18.860
-0.278,-0.829,3.062,-11.047,-147.339,-16.296
-0.264,-0.787,3.496,-5.432,-138.062,-5.981
-0.238,-0.786,3.876,-10.193,-115.540,-0.671
-0.278,-0.880,3.981,-7.629,-75.073,-2.686
-0.348,-0.986,3.745,-0.366,-24.414,-3.418
-0.405,-1.021,3.435,12.024,16.052,3.113
-0.443,-0.984,3.304,30.945,34.912,15.503
-0.474,-0.791,3.270,45.105,47.424,31.555
-0.498,-0.554,3.119,48.401,68.542,44.678
-0.495,-0.481,2.885,45.349,92.224,47.607
-0.507,-0.416,2.671,41.870,108.765,49.805
-0.518,-0.283,2.481,37.292,121.094,55.664
-0.528,-0.189,2.298,33.386,131.775,57.434
-0.516,-0.148,2.149,30.151,140.076,55.359
-0.508,-0.105,1.988,30.273,147.339,53.711
-0.539,-0.105,1.802,39.490,154.907,50.232
-0.566,-0.181,1.606,51.208,160.583,43.823
-0.574,-0.214,1.467,57.739,164.001,42.236
-0.569,-0.175,1.382,69.580,164.551,43.335
-0.568,-0.101,1.289,88.013,165.710,43.335
-0.590,-0.044,1.165,94.727,170.837,42.786
-0.605,-0.019,0.964,88.745,179.382,43.945
-0.631,-0.013,0.763,70.923,185.303,47.241
-0.599,-0.000,0.514,51.941,188.171,51.575
-0.560,0.086,0.277,48.279,185.730,57.373
-0.529,0.117,0.109,49.011,175.537,58.716
-0.477,0.098,-0.013,43.945,165.039,56.152
-0.430,0.156,-0.107,39.490,154.663,57.617
-0.360,0.248,-0.192,32.349,144.836,60.486
-0.294,0.362,-0.302,19.958,137.451,58.838
-0.247,0.390,-0.417,5.188,129.761,51.331
-0.202,0.370,-0.516,-3.601,119.629,42.786
-0.169,0.356,-0.619,-11.292,108.459,36.621
-0.129,0.377,-0.727,-13.733,96.985,30.823
-0.093,0.417,-0.763,-10.620,80.383,24.353
-0.061,0.407,-0.730,-5.188,61.218,15.137
-0.038,0.378,-0.721,-7.935,46.814,7.141
-0.024,0.310,-0.767,-15.503,37.720,1.099
-0.012,0.199,-0.848,-19.897,27.649,-3.723
-0.016,0.141,-0.925,-20.203,15.503,-4.517
0.033,0.182,-1.006,-11.841,-0.122,-2.136
0.027,0.238,-1.016,-2.930,-18.738,-2.869
0.029,0.214,-0.963,3.296,-39.856,-8.606
0.025,0.208,-0.909,0.122,-57.007,-12.512
0.028,0.225,-0.873,-4.456,-70.862,-14.832
0.014,0.245,-0.825,-9.033,-85.266,-18.982
-0.008,0.262,-0.754,-15.930,-99.854,-23.682
-0.024,0.286,-0.679,-24.170,-113.037,-28.442
-0.036,0.307,-0.621,-34.851,-124.939,-33.203
-0.088,0.268,-0.589,-47.852,-135.620,-40.039
-0.146,0.165,-0.589,-59.265,-146.851,-48.828
-0.209,0.118,-0.580,-63.538,-162.415,-52.856
-0.298,0.121,-0.471,-64.087,-184.082,-53.528
-0.356,0.070,-0.202,-58.777,-210.815,-57.617
-0.439,0.018,0.206,-53.406,-237.305,-62.622
-0.478,-0.006,0.610,-48.706,-254.333,-64.209
-0.515,-0.014,1.013,-49.316,-262.451,-64.331
-0.603,-0.071,1.392,-52.734,-264.343,-68.237
-0.685,-0.194,1.687,-43.152,-259.521,-73.364
-0.792,-0.304,1.962,-34.973,-251.282,-76.904
-0.879,-0.508,2.316,-41.260,-244.202,-78.186
-0.913,-0.647,2.570,-43.335,-230.774,-71.167
-0.850,-0.636,2.789,-50.110,-213.013,-54.077
-0.792,-0.656,3.097,-61.401,-199.829,-40.649
-0.691,-0.777,3.309,-70.313,-180.115,-35.950
-0.630,-0.904,3.353,-76.538,-153.137,-29.419
-0.549,-0.862,3.446,-64.331,-131.775,-16.174
-0.582,-0.784,3.405,-44.556,-106.812,-5.859
-0.559,-0.912,3.602,-26.001,-95.642,-10.559
-0.625,-0.981,3.836,-7.629,-84.229,-9.949
-0.628,-0.991,3.980,2.258,-57.678,-2.197
-0.655,-1.008,4.000,7.568,-25.085,5.127
-0.679,-1.032,3.912,18.799,10.437,11.292
-0.727,-0.983,3.623,26.978,50.110,22.583
-0.752,-0.843,3.220,32.104,87.952,35.339
-0.767,-0.724,2.874,34.302,112.366,45.959
-0.747,-0.583,2.616,30.701,126.953,55.542
-0.711,-0.407,2.397,26.978,137.817,64.697
-0.671,-0.246,2.226,25.635,146.545,69.092
-0.647,-0.158,2.090,25.391,153.381,67.261
-0.626,-0.098,1.927,26.062,162.170,63.477
-0.609,-0.058,1.752,26.917,171.326,60.120
-0.597,-0.059,1.575,29.419,178.589,54.565
-0.562,-0.062,1.349,38.940,185.059,49.133
-0.546,-0.077,1.128,57.434,187.744,44.922
-0.532,-0.140,0.945,65.674,186.584,41.321
-0.502,-0.175,0.746,68.420,185.303,42.114
-0.467,-0.129,0.569,69.092,181.274,47.302
-0.428,-0.045,0.419,70.801,173.889,52.246
-0.402,0.005,0.281,72.327,165.100,53.040
-0.358,0.020,0.185,74.341,154.480,51.331
-0.331,0.102,0.126,68.298,143.616,50.842
-0.298,0.177,0.120,57.678,133.423,49.622
-0.275,0.199,0.112,44.006,126.038,46.570
-0.270,0.171,0.058,15.259,124.756,42.358
-0.246,0.147,-0.051,-7.874,125.244,39.734
-0.230,0.097,-0.149,-17.334,121.582,36.621
-0.228,0.112,-0.247,-11.230,115.356,36.377
-0.202,0.175,-0.353,3.906,107.117,38.269
-0.201,0.233,-0.433,8.240,97.290,35.583
-0.223,0.246,-0.489,9.277,85.632,29.480
-0.184,0.287,-0.567,13.733,72.327,26.794
-0.174,0.368,-0.615,12.146,58.533,23.499
-0.153,0.363,-0.530,7.019,39.673,15.686
-0.144,0.342,-0.417,-2.502,24.231,8.850
-0.130,0.333,-0.409,-14.771,18.921,5.249
-0.115,0.322,-0.484,-28.748,17.334,2.625
-0.089,0.319,-0.560,-39.612,12.634,0.549
-0.080,0.278,-0.605,-41.138,3.052,-3.052
-0.068,0.225,-0.639,-35.950,-7.996,-7.263
-0.055,0.244,-0.692,-29.419,-18.799,-8.240
-0.068,0.282,-0.747,-18.250,-31.555,-11.169
-0.089,0.312,-0.772,-9.216,-47.058,-17.212
-0.082,0.374,-0.735,-7.202,-64.331,-22.644
-0.085,0.420,-0.607,-10.193,-83.069,-28.809
-0.109,0.408,-0.490,-18.005,-97.473,-37.598

-0.444,-0.542,2.318,-49.622,-204.651,-68.665
-0.500,-0.696,2.260,-63.843,-176.392,-64.209
-0.578,-0.886,2.258,-71.350,-162.476,-59.448
-0.616,-0.943,2.393,-65.063,-160.034,-47.974
-0.605,-0.952,2.596,-54.688,-159.302,-35.461
-0.594,-0.912,2.829,-47.302,-156.982,-24.414
-0.464,-0.859,3.096,-34.973,-151.428,-14.771
-0.542,-0.686,3.295,-16.052,-136.841,-3.296
-0.486,-0.740,3.473,-14.832,-115.051,-2.197
-0.511,-0.855,3.644,-14.343,-97.229,-4.883
-0.492,-0.818,3.711,-21.545,-68.481,2.441
-0.513,-0.825,3.764,-27.771,-39.307,10.498
-0.561,-0.891,3.701,-18.982,-9.155,11.597
-0.616,-0.942,3.535,3.967,21.667,15.564
-0.684,-0.947,3.332,25.757,48.279,24.292
-0.710,-0.836,3.097,36.926,71.716,37.842
-0.748,-0.680,2.827,48.584,91.187,49.927
-0.752,-0.549,2.578,49.377,108.521,57.922
-0.738,-0.391,2.348,46.387,122.253,63.171
-0.731,-0.258,2.137,48.279,132.507,64.697
-0.707,-0.166,1.939,45.227,141.357,63.171
-0.674,-0.071,1.718,43.640,149.780,62.012
-0.637,-0.019,1.541,46.143,154.236,58.044
-0.615,-0.021,1.417,45.898,155.334,53.040
-0.572,-0.044,1.279,40.894,158.508,50.415
-0.533,-0.041,1.128,36.255,162.842,50.781
-0.504,-0.050,1.004,34.668,164.978,50.293
-0.472,-0.025,0.882,35.339,166.138,50.354
-0.451,0.046,0.700,46.448,167.603,51.147
-0.419,0.082,0.539,52.307,167.175,50.537
-0.389,0.116,0.406,57.373,163.086,48.035
-0.342,0.211,0.253,65.491,157.532,46.936
-0.317,0.199,0.117,63.232,151.672,42.847
-0.286,0.147,-0.022,53.040,145.264,38.025
-0.254,0.160,-0.147,38.391,137.207,38.574
-0.206,0.159,-0.244,20.081,127.380,37.415
-0.168,0.149,-0.287,1.953,116.577,33.752
-0.133,0.141,-0.301,-10.193,105.591,29.907
-0.114,0.093,-0.320,-21.240,96.436,24.719
-0.108,0.024,-0.404,-23.376,89.355,20.813
-0.091,0.043,-0.486,-23.315,81.726,22.583
-0.065,0.117,-0.456,-18.738,68.298,25.024
-0.059,0.162,-0.370,-9.033,53.101,23.071
-0.066,0.163,-0.382,-11.719,47.668,19.714
-0.070,0.154,-0.531,-15.137,48.279,17.639
-0.065,0.206,-0.733,-12.451,43.091,17.090
-0.057,0.283,-0.825,-17.700,29.419,15.869
-0.059,0.299,-0.744,-22.583,8.484,9.827
-0.077,0.278,-0.676,-24.536,-7.629,2.014
-0.084,0.314,-0.680,-25.085,-17.090,-2.319
-0.105,0.309,-0.644,-26.917,-29.297,-6.104
-0.127,0.238,-0.627,-31.799,-41.199,-12.695
-0.130,0.217,-0.659,-31.250,-50.415,-16.113
-0.132,0.259,-0.619,-27.649,-64.453,-16.357
-0.159,0.302,-0.535,-22.400,-79.468,-19.714
-0.186,0.336,-0.505,-15.991,-89.966,-24.902
-0.189,0.360,-0.479,-19.043,-99.365,-30.029
-0.208,0.401,-0.415,-21.851,-112.061,-35.034
-0.221,0.443,-0.324,-24.536,-125.549,-40.710
-0.227,0.325,-0.216,-32.166,-138.550,-49.988
-0.256,0.156,-0.112,-44.556,-151.184,-58.472
-0.274,0.059,0.014,-49.927,-166.077,-59.509
-0.280,-0.072,0.240,-47.607,-185.486,-60.181
-0.297,-0.160,0.588,-42.786,-206.360,-61.157
-0.324,-0.236,1.020,-38.269,-223.877,-61.279
-0.346,-0.319,1.466,-37.048,-232.422,-62.744
-0.403,-0.454,1.972,-43.396,-234.802,-64.575
-0.430,-0.635,2.423,-59.387,-227.051,-63.660
-0.451,-0.735,2.660,-72.388,-204.895,-56.458
-0.511,-0.828,2.781,-74.402,-180.786,-50.049
-0.592,-0.968,2.847,-61.218,-162.659,-46.631
-0.604,-1.043,2.934,-51.636,-149.841,-37.231
-0.589,-0.975,3.185,-47.363,-142.883,-20.935
-0.613,-0.897,3.385,-36.743,-133.423,-7.751
-0.502,-0.793,3.627,-9.583,-118.347,3.662
-0.530,-0.588,3.760,5.981,-93.079,17.517
-0.515,-0.597,3.847,16.968,-65.796,15.259
-0.522,-0.568,3.744,18.616,-31.616,14.648
-0.522,-0.507,3.520,8.545,4.944,19.592
-0.534,-0.541,3.235,8.057,34.851,18.127
-0.574,-0.520,2.975,13.000,57.312,19.409
-0.608,-0.473,2.773,19.409,72.327,24.536
-0.568,-0.396,2.634,23.010,83.923,30.273
-0.569,-0.295,2.498,24.475,96.497,35.767
-0.560,-0.262,2.303,26.611,111.572,36.621
-0.557,-0.243,2.059,26.917,125.427,37.842
-0.515,-0.182,1.833,28.198,134.277,39.978
-0.471,-0.063,1.651,37.781,136.658,42.480
-0.432,0.007,1.548,44.006,135.437,41.077
-0.410,-0.004,1.487,46.631,134.583,34.363
-0.391,-0.009,1.385,51.453,136.597,28.992
-0.370,-0.011,1.290,53.528,139.160,26.855
-0.357,-0.067,1.170,49.316,142.456,24.597
-0.339,-0.149,1.001,45.288,147.766,23.560
-0.325,-0.179,0.815,44.983,150.574,25.879
-0.311,-0.189,0.657,45.166,148.926,30.334
-0.289,-0.181,0.539,40.283,144.592,34.973
-0.271,-0.108,0.438,38.330,139.771,39.673
-0.262,-0.030,0.309,41.077,134.949,41.504
-0.273,-0.029,0.178,35.217,130.554,38.635
-0.282,-0.003,0.057,26.855,124.023,35.278
-0.259,0.084,-0.009,22.888,114.380,34.729
-0.267,0.141,-0.018,21.729,103.088,30.212
-0.284,0.141,-0.059,18.555,95.093,23.315
-0.302,0.148,-0.153,18.188,90.515,18.555
-0.314,0.175,-0.196,17.944,82.031,15.564
-0.305,0.210,-0.145,16.296,70.190,13.367
-0.289,0.223,-0.043,13.855,60.486,9.888
-0.287,0.219,-0.018,11.719,58.105,5.554
-0.285,0.201,-0.091,8.545,60.730,2.747
-0.273,0.176,-0.203,-0.183,62.012,2.319
-0.251,0.185,-0.310,-10.803,60.059,3.113
-0.227,0.188,-0.404,-19.653,54.443,2.808
-0.196,0.141,-0.513,-28.748,47.546,0.916
-0.165,0.097,-0.610,-26.733,37.598,-1.587
-0.125,0.136,-0.644,-16.724,22.766,-2.197
-0.087,0.170,-0.623,-9.155,6.897,-4.089
-0.056,0.171,-0.596,-7.935,-5.859,-8.606
-0.033,0.172,-0.612,-9.216,-15.442,-13.184

-0.454,-0.702,2.101,-32.471,-158.081,-19.714
-0.507,-0.748,2.438,-30.640,-157.654,-12.024
-0.474,-0.665,2.689,-28.259,-148.926,0.671
-0.457,-0.472,2.776,-22.888,-129.150,12.268
-0.450,-0.389,2.714,-22.888,-106.323,17.883
-0.476,-0.281,2.602,-17.639,-85.510,22.156
-0.507,-0.243,2.357,-17.212,-62.927,23.987
-0.473,-0.286,2.396,-22.522,-58.838,20.874
-0.450,-0.172,2.516,-22.217,-58.044,25.146
-0.394,-0.001,2.507,-28.870,-41.504,30.334
-0.365,-0.005,2.348,-32.532,-19.287,24.658
-0.347,-0.052,2.151,-33.569,-1.709,18.005
-0.313,0.005,1.988,-32.776,10.620,19.287
-0.231,0.058,1.889,-31.616,20.020,17.944
-0.199,0.066,1.808,-23.682,28.687,7.935
-0.211,0.014,1.582,-24.414,44.128,-2.441
-0.186,0.002,1.320,-36.133,59.387,-6.653
-0.131,0.034,1.141,-37.659,63.965,-7.874
-0.147,0.019,1.023,-35.828,62.744,-13.306
-0.180,-0.082,0.927,-40.588,61.584,-20.691
-0.184,-0.192,0.816,-49.316,61.584,-19.226
-0.135,-0.213,0.787,-53.711,58.289,-8.667
-0.162,-0.219,0.894,-55.481,47.729,5.981
-0.247,0.089,0.983,-52.185,42.236,22.217
-0.003,0.216,0.846,-46.448,55.847,11.353
-0.093,0.161,0.700,-57.983,62.317,-3.357
-0.110,0.023,0.616,-83.374,62.561,-9.399
-0.198,-0.179,0.534,-57.190,53.528,-14.893
-0.156,-0.229,0.499,-38.513,41.443,-8.667
-0.124,-0.100,0.556,-23.743,24.170,15.198
-0.111,0.092,0.621,-7.629,8.667,34.241
-0.108,0.196,0.628,-3.906,3.540,35.583
-0.112,0.202,0.659,-6.836,-0.183,24.414
-0.124,0.161,0.743,-4.211,-7.385,11.963
-0.073,0.154,0.901,3.601,-15.686,2.808
-0.117,0.160,0.986,40.100,-20.935,-10.681
-0.102,0.128,1.072,96.680,-18.921,-29.663
-0.129,0.058,1.035,148.315,-8.301,-44.861
-0.170,0.008,0.907,157.959,1.648,-49.133
-0.191,-0.060,0.783,120.911,8.301,-46.265
-0.202,-0.130,0.712,84.839,3.967,-39.917
-0.196,-0.165,0.698,55.420,-6.287,-29.968
-0.172,-0.162,0.747,25.696,-16.724,-16.479
-0.124,-0.122,0.869,3.479,-27.893,-4.395
-0.123,-0.083,1.025,-5.371,-37.170,2.319
-0.099,-0.082,1.130,-11.719,-38.513,2.075
-0.088,-0.102,1.174,-26.672,-31.555,-0.916
-0.103,-0.161,1.157,-32.959,-23.804,-3.967
-0.128,-0.231,1.121,-39.001,-16.357,-4.639
-0.140,-0.244,1.103,-43.030,-11.292,-3.357
-0.156,-0.213,1.056,-31.494,-9.338,-0.916
-0.173,-0.171,1.032,-13.428,-10.315,4.333
-0.173,-0.148,1.088,-0.610,-15.991,9.094
-0.165,-0.113,1.148,10.864,-20.325,12.390
-0.141,-0.072,1.155,18.616,-17.944,11.414
-0.158,-0.024,1.133,13.794,-12.329,6.104
-0.152,-0.043,1.141,4.761,-9.155,-1.282
-0.154,-0.105,1.188,7.141,-8.545,-7.385
-0.172,-0.146,1.208,6.409,-5.493,-9.094
-0.176,-0.148,1.130,0.977,2.319,-5.615
-0.174,-0.126,1.036,-4.883,9.216,-0.977
-0.169,-0.113,0.999,-2.808,8.972,0.000
-0.174,-0.109,0.956,13.184,6.104,-1.587
-0.179,-0.091,0.929,20.325,3.662,-0.366
-0.169,-0.071,0.943,9.277,1.099,2.869
-0.150,-0.047,0.976,-1.404,-1.282,5.310
-0.146,-0.025,1.000,-4.028,-2.319,5.554
-0.150,-0.024,1.000,-5.737,-1.160,2.991
-0.151,-0.063,0.966,-8.362,1.038,-0.977
-0.161,-0.105,0.936,-11.658,1.892,-2.319
-0.139,-0.106,0.931,-10.193,0.488,-1.099
-0.127,-0.069,0.979,-3.174,-2.686,1.099
-0.142,-0.049,1.006,4.822,-3.723,-0.488
-0.152,-0.062,0.986,9.521,-1.099,-3.662
-0.147,-0.075,0.945,7.996,1.404,-4.883
-0.142,-0.074,0.936,5.493,0.732,-3.906
-0.138,-0.064,0.943,3.418,-1.343,-2.563
-0.136,-0.060,0.943,1.587,-1.892,-2.258
-0.136,-0.070,0.934,1.160,-1.892,-2.808
-0.128,-0.085,0.961,-1.282,-2.502,-2.930
-0.121,-0.095,0.992,-3.662,-3.235,-2.869
-0.132,-0.116,0.988,-3.113,-1.465,-2.991
-0.152,-0.136,0.926,-3.113,2.075,-2.991
-0.151,-0.143,0.861,-1.221,3.479,-2.014
-0.143,-0.110,0.895,-1.404,-0.793,1.099
-0.138,-0.068,0.981,-2.686,-5.676,3.052
-0.145,-0.039,0.991,-2.563,-4.639,2.258
-0.145,-0.036,0.938,-3.967,-0.793,0.366
-0.150,-0.069,0.919,-2.075,-0.732,-2.258
-0.156,-0.095,0.942,-0.671,-4.089,-3.052
-0.155,-0.080,0.950,-0.122,-4.883,-1.709
-0.151,-0.063,0.960,-0.549,-4.578,-0.610
-0.147,-0.065,0.994,-0.427,-5.005,-1.648
-0.166,-0.080,1.025,1.892,-5.066,-2.930
-0.169,-0.094,1.007,2.563,-2.808,-3.296
-0.191,-0.103,0.950,-0.122,1.099,-2.747
-0.189,-0.116,0.883,-4.517,2.808,-1.343
-0.170,-0.107,0.913,-5.676,-0.854,1.282
-0.163,-0.076,0.995,-1.770,-6.165,2.808
-0.160,-0.046,1.022,0.854,-5.859,3.174
-0.159,-0.051,0.988,-3.235,-1.526,1.038
-0.150,-0.079,0.921,-4.150,1.160,-1.648
-0.151,-0.104,0.920,0.549,-1.343,-2.808
-0.152,-0.101,0.969,2.441,-5.188,-2.136
-0.143,-0.067,0.999,2.197,-5.371,-0.549
-0.147,-0.058,0.997,5.005,-3.723,-1.343
-0.148,-0.074,1.000,3.357,-2.563,-2.991
-0.171,-0.095,0.995,-1.587,-1.465,-3.540
-0.176,-0.103,0.941,-2.075,0.488,-2.808
-0.172,-0.083,0.916,-1.282,0.122,-0.793
-0.169,-0.077,0.966,-1.770,-3.723,0.122
-0.166,-0.089,1.011,-3.296,-5.737,-0.610
-0.168,-0.087,1.017,-4.578,-3.662,-0.061
-0.165,-0.074,1.006,-4.944,-1.404,0.793
-0.164,-0.081,1.012,-6.897,-0.366,0.122
-0.162,-0.112,0.999,-5.432,0.671,-2.319
-0.167,-0.121,0.971,0.061,1.953,-2.869
-0.158,-0.116,0.938,8.667,1.953,-2.502
-0.158,-0.103,0.936,18.311,-0.305,-2.319